{
  "window_title": "Roblox",
  "window_bbox": null,
  "poll_hz": 2,
  "watch_fields": ["signal_id", "next_stop", "platform"],
  "fields": {
    "speed": {
      "roi": [2144, 1315, 2205, 1340],
      "psm": 7,
      "whitelist": "0123456789.",
      "scale": 2,
      "threshold": 160
    },
    "speed_limit": {
      "roi": [1210, 844, 1257, 866],
      "psm": 7,
      "whitelist": "0123456789.",
      "scale": 2,
      "threshold": 160
    },
    "signal_id": {
      "roi": [265, 844, 334, 860],
      "psm": 7,
      "whitelist": "ABCDEFGHIJKLMNOPQRSTUVWXYZ0123456789",
      "scale": 2,
      "threshold": 160
    },
    "next_stop": {
      "roi": [19, 820, 226, 838],
      "psm": 7,
      "whitelist": "ABCDEFGHIJKLMNOPQRSTUVWXYZabcdefghijklmnopqrstuvwxyz ",
      "scale": 2
    },
    "platform": {
      "roi": [91, 867, 126, 886],
      "psm": 7,
      "whitelist": "ABCDEFGHIJKLMNOPQRSTUVWXYZabcdefghijklmnopqrstuvwxyz0123456789 ",
      "scale": 2
    },
    "distance_to_next_station": {
      "roi": [179, 842, 223, 862],
      "psm": 7,
      "whitelist": "0123456789.",
      "scale": 2,
      "threshold": 160
    }
  }
}
